{"cameraMode":{"drawMode":2,"name":"Shaded Wireframe","section":"Shading Mode"},"sceneLighting":true,"audioPlay":false,"sceneViewState":{"showFog":true,"showMaterialUpdate":false,"showSkybox":true,"showFlares":true,"showImageEffects":true,"showParticleSystems":true},"in2DMode":false,"pivot":{"x":0.36531713604927065,"y":15.531427383422852,"z":-11.063172340393067},"rotation":{"x":0.2911968231201172,"y":0.1681932508945465,"z":-0.05208541080355644,"w":0.9403274655342102},"size":7.523715019226074,"orthographic":false}